"id","season","round","hometeam","awayteam","goals_home_team","goals_away_team","matchdate","timestamp"
"410977","2017-18",1,"Arsenal","Leicester","4","3","11/08/2017",1502398800
"410990","2017-18",1,"Watford","Liverpool","3","3","12/08/2017",1502485200
"410989","2017-18",1,"Southampton","Swansea City","0","0","12/08/2017",1502485200
"410992","2017-18",1,"West Bromwich Albion","AFC Bournemouth","1","0","12/08/2017",1502485200
"410984","2017-18",1,"Everton","Stoke City","1","0","12/08/2017",1502485200
"410982","2017-18",1,"Crystal Palace","Huddersfield Town","0","3","12/08/2017",1502485200
"410979","2017-18",1,"Chelsea","Burnley","2","3","12/08/2017",1502485200
"410978","2017-18",1,"Brighton & Hove Albion","Man. City","0","2","12/08/2017",1502485200
"410988","2017-18",1,"Newcastle","Tottenham Hotspur","0","2","13/08/2017",1502571600
"410986","2017-18",1,"Man. Utd","West Ham","4","0","13/08/2017",1502571600
"411016","2017-18",2,"Swansea City","Man. Utd","0","4","19/08/2017",1503090000
"411023","2017-18",2,"Southampton","West Ham","3","2","19/08/2017",1503090000
"411009","2017-18",2,"Liverpool","Crystal Palace","1","0","19/08/2017",1503090000
"411008","2017-18",2,"Leicester","Brighton & Hove Albion","2","0","19/08/2017",1503090000
"411004","2017-18",2,"Burnley","West Bromwich Albion","0","1","19/08/2017",1503090000
"411001","2017-18",2,"AFC Bournemouth","Watford","0","2","19/08/2017",1503090000
"411013","2017-18",2,"Stoke City","Arsenal","1","0","19/08/2017",1503090000
"411006","2017-18",2,"Huddersfield Town","Newcastle","1","0","20/08/2017",1503176400
"410981","2017-18",2,"Tottenham Hotspur","Chelsea","1","2","20/08/2017",1503176400
"411012","2017-18",2,"Man. City","Everton","1","1","21/08/2017",1503262800
"411017","2017-18",3,"AFC Bournemouth","Man. City","1","2","26/08/2017",1503694800
"411029","2017-18",3,"Watford","Brighton & Hove Albion","0","0","26/08/2017",1503694800
"411020","2017-18",3,"Crystal Palace","Swansea City","0","2","26/08/2017",1503694800
"411022","2017-18",3,"Huddersfield Town","Southampton","0","0","26/08/2017",1503694800
"411027","2017-18",3,"Newcastle","West Ham","3","0","26/08/2017",1503694800
"411026","2017-18",3,"Man. Utd","Leicester","2","0","26/08/2017",1503694800
"411030","2017-18",3,"West Bromwich Albion","Stoke City","1","1","27/08/2017",1503781200
"411019","2017-18",3,"Chelsea","Everton","2","0","27/08/2017",1503781200
"411028","2017-18",3,"Tottenham Hotspur","Burnley","1","1","27/08/2017",1503781200
"410995","2017-18",3,"Liverpool","Arsenal","4","0","27/08/2017",1503781200
"411000","2017-18",4,"Man. City","Liverpool","5","0","09/09/2017",1504904400
"411048","2017-18",4,"Southampton","Watford","0","2","09/09/2017",1504904400
"411046","2017-18",4,"Leicester","Chelsea","1","2","09/09/2017",1504904400
"411043","2017-18",4,"Everton","Tottenham Hotspur","0","3","09/09/2017",1504904400
"411034","2017-18",4,"Brighton & Hove Albion","West Bromwich Albion","3","1","09/09/2017",1504904400
"411032","2017-18",4,"Arsenal","AFC Bournemouth","3","0","09/09/2017",1504904400
"411050","2017-18",4,"Stoke City","Man. Utd","2","2","09/09/2017",1504904400
"411038","2017-18",4,"Burnley","Crystal Palace","1","0","10/09/2017",1504990800
"411052","2017-18",4,"Swansea City","Newcastle","0","1","10/09/2017",1504990800
"411055","2017-18",4,"West Ham","Huddersfield Town","2","0","11/09/2017",1505077200
"411036","2017-18",5,"AFC Bournemouth","Brighton & Hove Albion","2","1","15/09/2017",1505422800
"411039","2017-18",5,"Crystal Palace","Southampton","0","1","16/09/2017",1505509200
"411060","2017-18",5,"West Bromwich Albion","West Ham","0","0","16/09/2017",1505509200
"411042","2017-18",5,"Huddersfield Town","Leicester","1","1","16/09/2017",1505509200
"411045","2017-18",5,"Liverpool","Burnley","1","1","16/09/2017",1505509200
"411058","2017-18",5,"Watford","Man. City","0","6","16/09/2017",1505509200
"411054","2017-18",5,"Newcastle","Stoke City","2","1","16/09/2017",1505509200
"411057","2017-18",5,"Tottenham Hotspur","Swansea City","0","0","16/09/2017",1505509200
"411007","2017-18",5,"Chelsea","Arsenal","0","0","17/09/2017",1505595600
"411049","2017-18",5,"Man. Utd","Everton","4","0","17/09/2017",1505595600
"411085","2017-18",6,"West Ham","Tottenham Hotspur","2","3","23/09/2017",1506114000
"411084","2017-18",6,"Swansea City","Watford","1","2","23/09/2017",1506114000
"411082","2017-18",6,"Stoke City","Chelsea","0","4","23/09/2017",1506114000
"411078","2017-18",6,"Southampton","Man. Utd","0","1","23/09/2017",1506114000
"411076","2017-18",6,"Man. City","Crystal Palace","5","0","23/09/2017",1506114000
"411072","2017-18",6,"Everton","AFC Bournemouth","2","1","23/09/2017",1506114000
"411068","2017-18",6,"Burnley","Huddersfield Town","0","0","23/09/2017",1506114000
"411074","2017-18",6,"Leicester","Liverpool","2","3","23/09/2017",1506114000
"411066","2017-18",6,"Brighton & Hove Albion","Newcastle","1","0","24/09/2017",1506200400
"411063","2017-18",6,"Arsenal","West Bromwich Albion","2","0","25/09/2017",1506286800
"411073","2017-18",7,"Huddersfield Town","Tottenham Hotspur","0","4","30/09/2017",1506718800
"411088","2017-18",7,"West Ham","Swansea City","1","0","30/09/2017",1506718800
"411086","2017-18",7,"West Bromwich Albion","Watford","2","2","30/09/2017",1506718800
"411083","2017-18",7,"Stoke City","Southampton","2","1","30/09/2017",1506718800
"411077","2017-18",7,"Man. Utd","Crystal Palace","4","0","30/09/2017",1506718800
"411067","2017-18",7,"AFC Bournemouth","Leicester","0","0","30/09/2017",1506718800
"411015","2017-18",7,"Chelsea","Man. City","0","1","30/09/2017",1506718800
"411065","2017-18",7,"Arsenal","Brighton & Hove Albion","2","0","01/10/2017",1506805200
"411071","2017-18",7,"Everton","Burnley","0","1","01/10/2017",1506805200
"411081","2017-18",7,"Newcastle","Liverpool","1","1","01/10/2017",1506805200
"411024","2017-18",8,"Liverpool","Man. Utd","0","0","14/10/2017",1507928400
"411105","2017-18",8,"Tottenham Hotspur","AFC Bournemouth","1","0","14/10/2017",1507928400
"411102","2017-18",8,"Swansea City","Huddersfield Town","2","0","14/10/2017",1507928400
"411097","2017-18",8,"Man. City","Stoke City","7","2","14/10/2017",1507928400
"411093","2017-18",8,"Crystal Palace","Chelsea","2","1","14/10/2017",1507928400
"411091","2017-18",8,"Burnley","West Ham","1","1","14/10/2017",1507928400
"411107","2017-18",8,"Watford","Arsenal","2","1","14/10/2017",1507928400
"411089","2017-18",8,"Brighton & Hove Albion","Everton","1","1","15/10/2017",1508014800
"411099","2017-18",8,"Southampton","Newcastle","2","2","15/10/2017",1508014800
"411095","2017-18",8,"Leicester","West Bromwich Albion","1","1","16/10/2017",1508101200
"411121","2017-18",9,"West Ham","Brighton & Hove Albion","0","3","20/10/2017",1508446800
"411092","2017-18",9,"Chelsea","Watford","4","2","21/10/2017",1508533200
"411103","2017-18",9,"Huddersfield Town","Man. Utd","2","1","21/10/2017",1508533200
"411106","2017-18",9,"Man. City","Burnley","3","0","21/10/2017",1508533200
"411108","2017-18",9,"Newcastle","Crystal Palace","1","0","21/10/2017",1508533200
"411113","2017-18",9,"Stoke City","AFC Bournemouth","1","2","21/10/2017",1508533200
"411115","2017-18",9,"Swansea City","Leicester","1","2","21/10/2017",1508533200
"411111","2017-18",9,"Southampton","West Bromwich Albion","1","0","21/10/2017",1508533200
"411101","2017-18",9,"Everton","Arsenal","2","5","22/10/2017",1508619600
"411119","2017-18",9,"Tottenham Hotspur","Liverpool","4","1","22/10/2017",1508619600
"411124","2017-18",10,"Man. Utd","Tottenham Hotspur","1","0","28/10/2017",1509138000
"411114","2017-18",10,"Arsenal","Swansea City","2","1","28/10/2017",1509138000
"411125","2017-18",10,"Watford","Stoke City","0","1","28/10/2017",1509138000
"411123","2017-18",10,"Liverpool","Huddersfield Town","3","0","28/10/2017",1509138000
"411126","2017-18",10,"West Bromwich Albion","Man. City","2","3","28/10/2017",1509138000
"411120","2017-18",10,"Crystal Palace","West Ham","2","2","28/10/2017",1509138000
"411116","2017-18",10,"AFC Bournemouth","Chelsea","0","1","28/10/2017",1509138000
"411117","2017-18",10,"Brighton & Hove Albion","Southampton","1","1","29/10/2017",1509224400
"411122","2017-18",10,"Leicester","Everton","2","0","29/10/2017",1509224400
"411118","2017-18",10,"Burnley","Newcastle","1","0","30/10/2017",1509314400
"411137","2017-18",11,"Stoke City","Leicester","2","2","04/11/2017",1509746400
"411135","2017-18",11,"Southampton","Burnley","0","1","04/11/2017",1509746400
"411139","2017-18",11,"Swansea City","Brighton & Hove Albion","0","1","04/11/2017",1509746400
"411130","2017-18",11,"Huddersfield Town","West Bromwich Albion","1","0","04/11/2017",1509746400
"411132","2017-18",11,"Newcastle","AFC Bournemouth","0","1","04/11/2017",1509746400
"411141","2017-18",11,"West Ham","Liverpool","1","4","04/11/2017",1509746400
"411140","2017-18",11,"Tottenham Hotspur","Crystal Palace","1","0","05/11/2017",1509832800
"411041","2017-18",11,"Man. City","Arsenal","3","1","05/11/2017",1509832800
"411128","2017-18",11,"Everton","Watford","3","2","05/11/2017",1509832800
"411035","2017-18",11,"Chelsea","Man. Utd","1","0","05/11/2017",1509832800
"411053","2017-18",12,"Arsenal","Tottenham Hotspur","2","0","18/11/2017",1510956000
"411156","2017-18",12,"Liverpool","Southampton","3","0","18/11/2017",1510956000
"411151","2017-18",12,"Leicester","Man. City","0","2","18/11/2017",1510956000
"411149","2017-18",12,"Crystal Palace","Everton","2","2","18/11/2017",1510956000
"411147","2017-18",12,"Burnley","Swansea City","2","0","18/11/2017",1510956000
"411134","2017-18",12,"AFC Bournemouth","Huddersfield Town","4","0","18/11/2017",1510956000
"411168","2017-18",12,"West Bromwich Albion","Chelsea","0","4","18/11/2017",1510956000
"411158","2017-18",12,"Man. Utd","Newcastle","4","1","18/11/2017",1510956000
"411162","2017-18",12,"Watford","West Ham","2","0","19/11/2017",1511042400
"411145","2017-18",12,"Brighton & Hove Albion","Stoke City","2","2","20/11/2017",1511128800
"411166","2017-18",13,"West Ham","Leicester","1","1","24/11/2017",1511474400
"411165","2017-18",13,"Tottenham Hotspur","West Bromwich Albion","1","1","25/11/2017",1511560800
"411163","2017-18",13,"Swansea City","AFC Bournemouth","0","0","25/11/2017",1511560800
"411159","2017-18",13,"Newcastle","Watford","0","3","25/11/2017",1511560800
"411157","2017-18",13,"Man. Utd","Brighton & Hove Albion","1","0","25/11/2017",1511560800
"411152","2017-18",13,"Crystal Palace","Stoke City","2","1","25/11/2017",1511560800
"411061","2017-18",13,"Liverpool","Chelsea","1","1","25/11/2017",1511560800
"411161","2017-18",13,"Southampton","Everton","4","1","26/11/2017",1511647200
"411148","2017-18",13,"Burnley","Arsenal","0","1","26/11/2017",1511647200
"411154","2017-18",13,"Huddersfield Town","Man. City","1","2","26/11/2017",1511647200
"411175","2017-18",14,"Brighton & Hove Albion","Crystal Palace","0","0","28/11/2017",1511820000
"411176","2017-18",14,"Leicester","Tottenham Hotspur","2","1","28/11/2017",1511820000
"411183","2017-18",14,"West Bromwich Albion","Newcastle","2","2","28/11/2017",1511820000
"411179","2017-18",14,"Watford","Man. Utd","2","4","28/11/2017",1511820000
"411185","2017-18",14,"Chelsea","Swansea City","1","0","29/11/2017",1511906400
"411172","2017-18",14,"Arsenal","Huddersfield Town","5","0","29/11/2017",1511906400
"411173","2017-18",14,"AFC Bournemouth","Burnley","1","2","29/11/2017",1511906400
"411188","2017-18",14,"Everton","West Ham","4","0","29/11/2017",1511906400
"411192","2017-18",14,"Man. City","Southampton","2","1","29/11/2017",1511906400
"411193","2017-18",14,"Stoke City","Liverpool","0","3","29/11/2017",1511906400
"411190","2017-18",15,"Chelsea","Newcastle","3","1","02/12/2017",1512165600
"411209","2017-18",15,"West Bromwich Albion","Crystal Palace","0","0","02/12/2017",1512165600
"411205","2017-18",15,"Watford","Tottenham Hotspur","1","1","02/12/2017",1512165600
"411203","2017-18",15,"Stoke City","Swansea City","2","1","02/12/2017",1512165600
"411197","2017-18",15,"Leicester","Burnley","1","0","02/12/2017",1512165600
"411196","2017-18",15,"Everton","Huddersfield Town","2","0","02/12/2017",1512165600
"411186","2017-18",15,"Brighton & Hove Albion","Liverpool","1","5","02/12/2017",1512165600
"411070","2017-18",15,"Arsenal","Man. Utd","1","3","02/12/2017",1512165600
"411180","2017-18",15,"AFC Bournemouth","Southampton","1","1","03/12/2017",1512252000
"411200","2017-18",15,"Man. City","West Ham","2","1","03/12/2017",1512252000
"411244","2017-18",16,"West Ham","Chelsea","1","0","09/12/2017",1512770400
"411218","2017-18",16,"Tottenham Hotspur","Stoke City","5","1","09/12/2017",1512770400
"411202","2017-18",16,"Burnley","Watford","1","0","09/12/2017",1512770400
"411206","2017-18",16,"Crystal Palace","AFC Bournemouth","2","2","09/12/2017",1512770400
"411208","2017-18",16,"Huddersfield Town","Brighton & Hove Albion","2","0","09/12/2017",1512770400
"411216","2017-18",16,"Swansea City","West Bromwich Albion","1","0","09/12/2017",1512770400
"411211","2017-18",16,"Newcastle","Leicester","2","3","09/12/2017",1512770400
"411214","2017-18",16,"Southampton","Arsenal","1","1","10/12/2017",1512856800
"411080","2017-18",16,"Liverpool","Everton","1","1","10/12/2017",1512856800
"411087","2017-18",16,"Man. Utd","Man. City","1","2","10/12/2017",1512856800
"411221","2017-18",17,"Burnley","Stoke City","1","0","12/12/2017",1513029600
"411223","2017-18",17,"Huddersfield Town","Chelsea","1","3","12/12/2017",1513029600
"411231","2017-18",17,"Crystal Palace","Watford","2","1","12/12/2017",1513029600
"411226","2017-18",17,"Swansea City","Man. City","0","4","13/12/2017",1513116000
"411238","2017-18",17,"Southampton","Leicester","1","4","13/12/2017",1513116000
"411236","2017-18",17,"Newcastle","Everton","0","1","13/12/2017",1513116000
"411240","2017-18",17,"Tottenham Hotspur","Brighton & Hove Albion","2","0","13/12/2017",1513116000
"411233","2017-18",17,"Man. Utd","AFC Bournemouth","1","0","13/12/2017",1513116000
"411228","2017-18",17,"West Ham","Arsenal","0","0","13/12/2017",1513116000
"411241","2017-18",17,"Liverpool","West Bromwich Albion","0","0","13/12/2017",1513116000
"411225","2017-18",18,"Leicester","Crystal Palace","0","3","16/12/2017",1513375200
"411232","2017-18",18,"Watford","Huddersfield Town","1","4","16/12/2017",1513375200
"411210","2017-18",18,"Arsenal","Newcastle","1","0","16/12/2017",1513375200
"411219","2017-18",18,"Chelsea","Southampton","1","0","16/12/2017",1513375200
"411217","2017-18",18,"Brighton & Hove Albion","Burnley","0","0","16/12/2017",1513375200
"411229","2017-18",18,"Stoke City","West Ham","0","3","16/12/2017",1513375200
"411227","2017-18",18,"Man. City","Tottenham Hotspur","4","1","16/12/2017",1513375200
"411234","2017-18",18,"West Bromwich Albion","Man. Utd","1","2","17/12/2017",1513461600
"411213","2017-18",18,"AFC Bournemouth","Liverpool","0","4","17/12/2017",1513461600
"411222","2017-18",18,"Everton","Swansea City","3","1","18/12/2017",1513548000
"411090","2017-18",19,"Arsenal","Liverpool","3","3","22/12/2017",1513893600
"411184","2017-18",19,"Everton","Chelsea","0","0","23/12/2017",1513980000
"411199","2017-18",19,"Swansea City","Crystal Palace","1","1","23/12/2017",1513980000
"411198","2017-18",19,"Stoke City","West Bromwich Albion","3","1","23/12/2017",1513980000
"411194","2017-18",19,"Southampton","Huddersfield Town","1","1","23/12/2017",1513980000
"411191","2017-18",19,"Man. City","AFC Bournemouth","4","0","23/12/2017",1513980000
"411178","2017-18",19,"Brighton & Hove Albion","Watford","1","0","23/12/2017",1513980000
"411204","2017-18",19,"West Ham","Newcastle","2","3","23/12/2017",1513980000
"411181","2017-18",19,"Burnley","Tottenham Hotspur","0","3","23/12/2017",1513980000
"411187","2017-18",19,"Leicester","Man. Utd","2","2","23/12/2017",1513980000
"411449","2017-18",20,"Tottenham Hotspur","Southampton","5","2","26/12/2017",1514239200
"411442","2017-18",20,"AFC Bournemouth","West Ham","3","3","26/12/2017",1514239200
"411450","2017-18",20,"Watford","Leicester","2","1","26/12/2017",1514239200
"411447","2017-18",20,"Man. Utd","Burnley","2","2","26/12/2017",1514239200
"411445","2017-18",20,"Huddersfield Town","Stoke City","1","1","26/12/2017",1514239200
"411443","2017-18",20,"Chelsea","Brighton & Hove Albion","2","0","26/12/2017",1514239200
"411451","2017-18",20,"West Bromwich Albion","Everton","0","0","26/12/2017",1514239200
"411446","2017-18",20,"Liverpool","Swansea City","5","0","26/12/2017",1514239200
"411448","2017-18",20,"Newcastle","Man. City","0","1","27/12/2017",1514325600
"411444","2017-18",20,"Crystal Palace","Arsenal","2","3","28/12/2017",1514412000
"411452","2017-18",21,"AFC Bournemouth","Everton","2","1","30/12/2017",1514584800
"411453","2017-18",21,"Chelsea","Stoke City","5","0","30/12/2017",1514584800
"411460","2017-18",21,"Watford","Swansea City","1","2","30/12/2017",1514584800
"411455","2017-18",21,"Huddersfield Town","Burnley","0","0","30/12/2017",1514584800
"411456","2017-18",21,"Liverpool","Leicester","2","1","30/12/2017",1514584800
"411458","2017-18",21,"Newcastle","Brighton & Hove Albion","0","0","30/12/2017",1514584800
"411457","2017-18",21,"Man. Utd","Southampton","0","0","30/12/2017",1514584800
"411454","2017-18",21,"Crystal Palace","Man. City","0","0","31/12/2017",1514671200
"411461","2017-18",21,"West Bromwich Albion","Arsenal","1","1","31/12/2017",1514671200
"411459","2017-18",21,"Tottenham Hotspur","West Ham","1","1","04/01/2018",1515016800
"411463","2017-18",22,"Brighton & Hove Albion","AFC Bournemouth","2","2","01/01/2018",1514757600
"411464","2017-18",22,"Burnley","Liverpool","1","2","01/01/2018",1514757600
"411466","2017-18",22,"Leicester","Huddersfield Town","3","0","01/01/2018",1514757600
"411469","2017-18",22,"Stoke City","Newcastle","0","1","01/01/2018",1514757600
"411465","2017-18",22,"Everton","Man. Utd","0","2","01/01/2018",1514757600
"411471","2017-18",22,"West Ham","West Bromwich Albion","2","1","02/01/2018",1514844000
"411470","2017-18",22,"Swansea City","Tottenham Hotspur","0","2","02/01/2018",1514844000
"411468","2017-18",22,"Southampton","Crystal Palace","1","2","02/01/2018",1514844000
"411467","2017-18",22,"Man. City","Watford","3","1","02/01/2018",1514844000
"411109","2017-18",22,"Arsenal","Chelsea","2","2","03/01/2018",1514930400
"411481","2017-18",23,"West Bromwich Albion","Brighton & Hove Albion","2","0","13/01/2018",1515794400
"411473","2017-18",23,"Chelsea","Leicester","0","0","13/01/2018",1515794400
"411474","2017-18",23,"Crystal Palace","Burnley","1","0","13/01/2018",1515794400
"411475","2017-18",23,"Huddersfield Town","West Ham","1","4","13/01/2018",1515794400
"411480","2017-18",23,"Watford","Southampton","2","2","13/01/2018",1515794400
"411478","2017-18",23,"Newcastle","Swansea City","1","1","13/01/2018",1515794400
"411479","2017-18",23,"Tottenham Hotspur","Everton","4","0","13/01/2018",1515794400
"411472","2017-18",23,"AFC Bournemouth","Arsenal","2","1","14/01/2018",1515880800
"411476","2017-18",23,"Liverpool","Man. City","4","3","14/01/2018",1515880800
"411477","2017-18",23,"Man. Utd","Stoke City","3","0","15/01/2018",1515967200
"411483","2017-18",24,"Brighton & Hove Albion","Chelsea","0","4","20/01/2018",1516399200
"411482","2017-18",24,"Arsenal","Crystal Palace","4","1","20/01/2018",1516399200
"411489","2017-18",24,"Stoke City","Huddersfield Town","2","0","20/01/2018",1516399200
"411491","2017-18",24,"West Ham","AFC Bournemouth","1","1","20/01/2018",1516399200
"411486","2017-18",24,"Leicester","Watford","2","0","20/01/2018",1516399200
"411485","2017-18",24,"Everton","West Bromwich Albion","1","1","20/01/2018",1516399200
"411484","2017-18",24,"Burnley","Man. Utd","0","1","20/01/2018",1516399200
"411487","2017-18",24,"Man. City","Newcastle","3","1","20/01/2018",1516399200
"411488","2017-18",24,"Southampton","Tottenham Hotspur","1","1","21/01/2018",1516485600
"411490","2017-18",24,"Swansea City","Liverpool","1","0","22/01/2018",1516572000
"411497","2017-18",25,"Swansea City","Arsenal","3","1","30/01/2018",1517263200
"411498","2017-18",25,"West Ham","Crystal Palace","1","1","30/01/2018",1517263200
"411494","2017-18",25,"Huddersfield Town","Liverpool","0","3","30/01/2018",1517263200
"411492","2017-18",25,"Chelsea","AFC Bournemouth","0","3","31/01/2018",1517349600
"411496","2017-18",25,"Southampton","Brighton & Hove Albion","1","1","31/01/2018",1517349600
"411495","2017-18",25,"Newcastle","Burnley","1","1","31/01/2018",1517349600
"411493","2017-18",25,"Everton","Leicester","2","1","31/01/2018",1517349600
"411499","2017-18",25,"Man. City","West Bromwich Albion","3","0","31/01/2018",1517349600
"411500","2017-18",25,"Stoke City","Watford","0","0","31/01/2018",1517349600
"411501","2017-18",25,"Tottenham Hotspur","Man. Utd","2","0","31/01/2018",1517349600
"411505","2017-18",26,"Burnley","Man. City","1","1","03/02/2018",1517608800
"411511","2017-18",26,"West Bromwich Albion","Southampton","2","3","03/02/2018",1517608800
"411509","2017-18",26,"Man. Utd","Huddersfield Town","2","0","03/02/2018",1517608800
"411507","2017-18",26,"Leicester","Swansea City","1","1","03/02/2018",1517608800
"411504","2017-18",26,"Brighton & Hove Albion","West Ham","3","1","03/02/2018",1517608800
"411503","2017-18",26,"AFC Bournemouth","Stoke City","2","1","03/02/2018",1517608800
"411502","2017-18",26,"Arsenal","Everton","5","1","03/02/2018",1517608800
"411506","2017-18",26,"Crystal Palace","Newcastle","1","1","04/02/2018",1517695200
"411508","2017-18",26,"Liverpool","Tottenham Hotspur","2","2","04/02/2018",1517695200
"411510","2017-18",26,"Watford","Chelsea","4","1","05/02/2018",1517781600
"411520","2017-18",27,"Tottenham Hotspur","Arsenal","1","0","10/02/2018",1518213600
"411521","2017-18",27,"West Ham","Watford","2","0","10/02/2018",1518213600
"411513","2017-18",27,"Everton","Crystal Palace","3","1","10/02/2018",1518213600
"411518","2017-18",27,"Stoke City","Brighton & Hove Albion","1","1","10/02/2018",1518213600
"411519","2017-18",27,"Swansea City","Burnley","1","0","10/02/2018",1518213600
"411515","2017-18",27,"Man. City","Leicester","5","1","10/02/2018",1518213600
"411514","2017-18",27,"Huddersfield Town","AFC Bournemouth","4","1","11/02/2018",1518300000
"411516","2017-18",27,"Newcastle","Man. Utd","1","0","11/02/2018",1518300000
"411517","2017-18",27,"Southampton","Liverpool","0","2","11/02/2018",1518300000
"411512","2017-18",27,"Chelsea","West Bromwich Albion","3","0","12/02/2018",1518386400
"411527","2017-18",28,"Leicester","Stoke City","1","1","24/02/2018",1519423200
"411528","2017-18",28,"Liverpool","West Ham","4","1","24/02/2018",1519423200
"411531","2017-18",28,"West Bromwich Albion","Huddersfield Town","1","2","24/02/2018",1519423200
"411525","2017-18",28,"Burnley","Southampton","1","1","24/02/2018",1519423200
"411524","2017-18",28,"Brighton & Hove Albion","Swansea City","4","1","24/02/2018",1519423200
"411523","2017-18",28,"AFC Bournemouth","Newcastle","2","2","24/02/2018",1519423200
"411530","2017-18",28,"Watford","Everton","1","0","24/02/2018",1519423200
"411526","2017-18",28,"Crystal Palace","Tottenham Hotspur","0","1","25/02/2018",1519509600
"411529","2017-18",28,"Man. Utd","Chelsea","2","1","25/02/2018",1519509600
"411522","2017-18",28,"Arsenal","Man. City","0","3","01/03/2018",1519855200
"411533","2017-18",29,"Burnley","Everton","2","1","03/03/2018",1520028000
"411541","2017-18",29,"Watford","West Bromwich Albion","1","0","03/03/2018",1520028000
"411540","2017-18",29,"Tottenham Hotspur","Huddersfield Town","2","0","03/03/2018",1520028000
"411535","2017-18",29,"Leicester","AFC Bournemouth","1","1","03/03/2018",1520028000
"411539","2017-18",29,"Swansea City","West Ham","4","1","03/03/2018",1520028000
"411538","2017-18",29,"Southampton","Stoke City","0","0","03/03/2018",1520028000
"411536","2017-18",29,"Liverpool","Newcastle","2","0","03/03/2018",1520028000
"411532","2017-18",29,"Brighton & Hove Albion","Arsenal","2","1","04/03/2018",1520114400
"411537","2017-18",29,"Man. City","Chelsea","1","0","04/03/2018",1520114400
"411534","2017-18",29,"Crystal Palace","Man. Utd","2","3","05/03/2018",1520200800
"411547","2017-18",30,"Man. Utd","Liverpool","2","1","10/03/2018",1520632800
"411550","2017-18",30,"West Bromwich Albion","Leicester","1","4","10/03/2018",1520632800
"411548","2017-18",30,"Newcastle","Southampton","3","0","10/03/2018",1520632800
"411551","2017-18",30,"West Ham","Burnley","0","3","10/03/2018",1520632800
"411546","2017-18",30,"Huddersfield Town","Swansea City","0","0","10/03/2018",1520632800
"411545","2017-18",30,"Everton","Brighton & Hove Albion","2","0","10/03/2018",1520632800
"411544","2017-18",30,"Chelsea","Crystal Palace","2","1","10/03/2018",1520632800
"411542","2017-18",30,"Arsenal","Watford","3","0","11/03/2018",1520719200
"411543","2017-18",30,"AFC Bournemouth","Tottenham Hotspur","1","4","11/03/2018",1520719200
"411549","2017-18",30,"Stoke City","Man. City","0","2","12/03/2018",1520805600
"411552","2017-18",31,"AFC Bournemouth","West Bromwich Albion","2","1","17/03/2018",1521237600
"411554","2017-18",31,"Huddersfield Town","Crystal Palace","0","2","17/03/2018",1521237600
"411558","2017-18",31,"Stoke City","Everton","1","2","17/03/2018",1521237600
"411556","2017-18",31,"Liverpool","Watford","5","0","17/03/2018",1521237600
"411553","2017-18",31,"Burnley","Chelsea","1","2","19/04/2018",1524085200
"411565","2017-18",32,"Crystal Palace","Liverpool","1","2","31/03/2018",1522443600
"411571","2017-18",32,"West Bromwich Albion","Burnley","1","2","31/03/2018",1522443600
"411570","2017-18",32,"Watford","AFC Bournemouth","2","2","31/03/2018",1522443600
"411569","2017-18",32,"West Ham","Southampton","3","0","31/03/2018",1522443600
"411568","2017-18",32,"Newcastle","Huddersfield Town","1","0","31/03/2018",1522443600
"411567","2017-18",32,"Man. Utd","Swansea City","2","0","31/03/2018",1522443600
"411563","2017-18",32,"Brighton & Hove Albion","Leicester","0","2","31/03/2018",1522443600
"411566","2017-18",32,"Everton","Man. City","1","3","31/03/2018",1522443600
"411562","2017-18",32,"Arsenal","Stoke City","3","0","01/04/2018",1522530000
"411564","2017-18",32,"Chelsea","Tottenham Hotspur","1","3","01/04/2018",1522530000
"411576","2017-18",33,"Everton","Liverpool","0","0","07/04/2018",1523048400
"411581","2017-18",33,"West Bromwich Albion","Swansea City","1","1","07/04/2018",1523048400
"411580","2017-18",33,"Watford","Burnley","1","2","07/04/2018",1523048400
"411579","2017-18",33,"Stoke City","Tottenham Hotspur","1","2","07/04/2018",1523048400
"411577","2017-18",33,"Leicester","Newcastle","1","2","07/04/2018",1523048400
"411574","2017-18",33,"Brighton & Hove Albion","Huddersfield Town","1","1","07/04/2018",1523048400
"411573","2017-18",33,"AFC Bournemouth","Crystal Palace","2","2","07/04/2018",1523048400
"411578","2017-18",33,"Man. City","Man. Utd","2","3","07/04/2018",1523048400
"411572","2017-18",33,"Arsenal","Southampton","3","2","08/04/2018",1523134800
"411575","2017-18",33,"Chelsea","West Ham","1","1","08/04/2018",1523134800
"411588","2017-18",34,"Southampton","Chelsea","2","3","14/04/2018",1523653200
"411582","2017-18",34,"Burnley","Leicester","2","1","14/04/2018",1523653200
"411583","2017-18",34,"Crystal Palace","Brighton & Hove Albion","3","2","14/04/2018",1523653200
"411584","2017-18",34,"Huddersfield Town","Watford","1","0","14/04/2018",1523653200
"411589","2017-18",34,"Swansea City","Everton","1","1","14/04/2018",1523653200
"411585","2017-18",34,"Liverpool","AFC Bournemouth","3","0","14/04/2018",1523653200
"411590","2017-18",34,"Tottenham Hotspur","Man. City","1","3","14/04/2018",1523653200
"411587","2017-18",34,"Newcastle","Arsenal","2","1","15/04/2018",1523739600
"411586","2017-18",34,"Man. Utd","West Bromwich Albion","0","1","15/04/2018",1523739600
"411591","2017-18",34,"West Ham","Stoke City","1","1","16/04/2018",1523826000
"411594","2017-18",35,"Brighton & Hove Albion","Tottenham Hotspur","1","1","17/04/2018",1523912400
"411593","2017-18",35,"AFC Bournemouth","Man. Utd","0","2","18/04/2018",1523998800
"411597","2017-18",35,"Leicester","Southampton","0","0","19/04/2018",1524085200
"411601","2017-18",35,"West Bromwich Albion","Liverpool","2","2","21/04/2018",1524258000
"411600","2017-18",35,"Watford","Crystal Palace","0","0","21/04/2018",1524258000
"411599","2017-18",35,"Stoke City","Burnley","1","1","22/04/2018",1524344400
"411592","2017-18",35,"Arsenal","West Ham","4","1","22/04/2018",1524344400
"411598","2017-18",35,"Man. City","Swansea City","5","0","22/04/2018",1524344400
"411596","2017-18",35,"Everton","Newcastle","1","0","23/04/2018",1524430800
"411605","2017-18",36,"Liverpool","Stoke City","0","0","28/04/2018",1524862800
"411602","2017-18",36,"Burnley","Brighton & Hove Albion","0","0","28/04/2018",1524862800
"411608","2017-18",36,"Southampton","AFC Bournemouth","2","1","28/04/2018",1524862800
"411607","2017-18",36,"Newcastle","West Bromwich Albion","0","1","28/04/2018",1524862800
"411604","2017-18",36,"Huddersfield Town","Everton","0","2","28/04/2018",1524862800
"411603","2017-18",36,"Crystal Palace","Leicester","5","0","28/04/2018",1524862800
"411609","2017-18",36,"Swansea City","Chelsea","0","1","28/04/2018",1524862800
"411611","2017-18",36,"West Ham","Man. City","1","4","29/04/2018",1524949200
"411606","2017-18",36,"Man. Utd","Arsenal","2","1","29/04/2018",1524949200
"411610","2017-18",36,"Tottenham Hotspur","Watford","2","0","30/04/2018",1525035600
"411614","2017-18",37,"Brighton & Hove Albion","Man. Utd","1","0","04/05/2018",1525381200
"411619","2017-18",37,"Stoke City","Crystal Palace","1","2","05/05/2018",1525467600
"411621","2017-18",37,"West Bromwich Albion","Tottenham Hotspur","1","0","05/05/2018",1525467600
"411620","2017-18",37,"Watford","Newcastle","2","1","05/05/2018",1525467600
"411617","2017-18",37,"Leicester","West Ham","0","2","05/05/2018",1525467600
"411613","2017-18",37,"AFC Bournemouth","Swansea City","1","0","05/05/2018",1525467600
"411616","2017-18",37,"Everton","Southampton","1","1","05/05/2018",1525467600
